DROP DATABASE IF EXISTS cms_db;

CREATE DATABASE IF NOT EXISTS cms_db;

USE cms_db;

SET GLOBAL event_scheduler = "ON";

CREATE TABLE IF NOT EXISTS `systemdata`(
`SystemId` varchar (20),
`SystemName` varchar (50),
`Telephone1` varchar(100),
`Telephone2` varchar(100),
`Email` varchar(50),
`Website` varchar(100),
`Image` varchar(250),
`AccName` varchar(250),
`DirName` varchar(250),
`HeadName` varchar(250),
`Bank1` varchar(250),
`Bank2` varchar(250),
`Bank3` varchar(250),
`Bank1Acc` varchar(250),
`Bank2Acc` varchar(250),
`Bank3Acc` varchar(250),
`Location` varchar(250),
`Address` varchar(250),
`Initials` varchar(250),
`UserId` varchar(20),
`Slogan` varchar(100),
`Version` varchar(50),
`DefaultLanguage` varchar(20) DEFAULT 'en',
`AddedId` varchar(20),
`AddedDate` datetime DEFAULT current_timestamp(),
`UpdatedDate` datetime,
`UpdatedId` varchar(60),
`UpdatedNotes` text,
`Status` varchar(10) DEFAULT 'ACTIVE',
`Archived` varchar(10) DEFAULT 'NO',
`ArchiveId` varchar(10),
`ArchiveDate` datetime,
`ArchiveTime` datetime,
PRIMARY KEY (`SystemId`)
)ENGINE=INNODB;
INSERT INTO `systemdata` (`SystemId`, `SystemName`, `Telephone1`, `Telephone2`, `Email`, `Website`, `Image`, `AccName`, `DirName`, `HeadName`,`Bank1`,`Bank2`,`Bank3`,`Bank1Acc`,`Bank2Acc`,`Bank3Acc`, `Location`, `Address`, `Initials`, `UserId`, `Slogan`, `Version`, `DefaultLanguage`, `AddedId`, `AddedDate`, `UpdatedDate`, `UpdatedId`, `UpdatedNotes`, `Status`, `Archived`, `ArchiveId`, `ArchiveDate`, `ArchiveTime`) VALUES
('SYS2404504', 'Adumanu Junior High School', '0241059800', '0241059800', 'realcona@gmail.com', 'www.adumanu.com', 'uploads/school/e945241cdd4350c775cd453a7ae5520f9d246653_5132.jpg', 'Francisca Addai','','','','','','','','','Adumanu - Kumasi', 'AK-532-1663', 'AJHS', '2429751', 'Pen is mightier than the sword', '1.0.0', 'en', '2429751', '2024-04-23 20:23:02', NULL, NULL, NULL, 'Active', 'NO', NULL, NULL, NULL);

CREATE TABLE IF NOT EXISTS `education`(
`EducationId` varchar (20),
`Category` varchar(250),
`AddedDate` datetime DEFAULT current_timestamp(),
`UpdatedDate` datetime,
`UpdatedId` varchar(60),
`UpdatedNotes` text,
`Status` varchar(10) DEFAULT 'ACTIVE',
`Archived` varchar(10) DEFAULT 'NO',
`ArchiveId` varchar(10),
`ArchiveDate` datetime,
`ArchiveTime` datetime,
PRIMARY KEY(`EducationId`)
)ENGINE=INNODB;
INSERT INTO `education`(`EducationId`,`Category`) VALUES
('ED001','Primary'),
('ED002','Junior High School'),
('ED003','Senior High School'),
('ED004', 'Tertiary');

CREATE TABLE IF NOT EXISTS `certificate`(
`CertificateId` varchar (20),
`CertificateName` varchar(50),
-- `Category` varchar(250),
-- `MinistryHead` varchar(50),
`AddedDate` datetime DEFAULT current_timestamp(),
`UpdatedDate` datetime,
`UpdatedId` varchar(60),
`UpdatedNotes` text,
`Status` varchar(10) DEFAULT 'ACTIVE',
`Archived` varchar(10) DEFAULT 'NO',
`ArchiveId` varchar(10),
`ArchiveDate` datetime,
`ArchiveTime` datetime,
PRIMARY KEY(`CertificateId`)
)ENGINE=INNODB;
INSERT INTO `certificate`(`CertificateId`,`CertificateName`) VALUES
('CER001','BECE'),
('CER002','WASSCE'),
('CER003','DIPLOMA'),
('CER004','HND'),
('CER005','DEGREE'),
('CER006','MASTER'),
('CER007','MASTER PHILOSOPHY'),
('CER008','DOCTOR PHILOSOPHY');

CREATE TABLE IF NOT EXISTS `title`(
`TitleId` varchar (20),
`Title` varchar(50),
`AddedDate` datetime DEFAULT current_timestamp(),
`UpdatedDate` datetime,
`UpdatedId` varchar(60),
`UpdatedNotes` text,
`Status` varchar(10) DEFAULT 'ACTIVE',
`Archived` varchar(10) DEFAULT 'NO',
`ArchiveId` varchar(10),
`ArchiveDate` datetime,
`ArchiveTime` datetime,
PRIMARY KEY(`TitleId`)
)ENGINE=INNODB;

INSERT INTO `title`(`TitleId`,`Title`) VALUES
('TI001','Miss'),
('TI002','Mr'),
('TI003','Mrs'),
('TI004','Doctor'),
('TI005','Pastor'),
('TI006','Reverend');

CREATE TABLE IF NOT EXISTS `users`(
`UserId` varchar (20),
`Username` varchar(50),
`Password` varchar(250),
`Firstname` varchar(50),
`Lastname` varchar(50),
`Fullname` varchar(200) GENERATED ALWAYS AS (CONCAT(Firstname,' ',Lastname)),
`Address` varchar (50),
`Telephone1` varchar(20),
`Telephone2` varchar(20),
`Gender` varchar(20),
`Email` varchar(50),
`Mode` varchar(50) DEFAULT 'NEW-USER' COMMENT 'new user notifications',
`Role` varchar(150),
`Image` varchar(250),
`Country` varchar(20),
`Religion` varchar(20),
`AddedId` varchar(20),
`DOB` date,
`Title` varchar(20),
`AddedDate` datetime DEFAULT current_timestamp(),
`UpdatedDate` datetime,
`UpdatedId` varchar(60),
`UpdatedNotes` text,
`Status` varchar(10) DEFAULT 'ACTIVE',
`Archived` varchar(10) DEFAULT 'NO',
`ArchiveId` varchar(10),
`ArchiveDate` datetime,
`ArchiveTime` datetime,
PRIMARY KEY(`UserId`)
)ENGINE=INNODB;

INSERT INTO `users` (`UserId`, `Username`, `Password`, `Firstname`, `Lastname`, `Address`, `Telephone1`, `Telephone2`, `Gender`, `Email`, `Mode`, `Role`, `Image`, `Country`, `Religion`, `AddedId`, `DOB`, `Title`, `AddedDate`, `UpdatedDate`, `UpdatedId`, `UpdatedNotes`, `Status`, `Archived`, `ArchiveId`, `ArchiveDate`, `ArchiveTime`) VALUES
('2423461', 'francisca', '$2y$10$XcEajOhVTLp.9FYavVhMwelBNIHqk03KzZiKZwMdiBoEwyHeNOgf.', 'Francisca', 'Achiaa', 'Adoato', '0241059800', '0241059800', 'Male', 'realcona@gmail.com', 'NEW-USER', 'Admin', 'uploads/users/c998fa9436d3e05e46b2f65d719725a484d37739_5514.jpg', 'Ghanaian', 'Christian', 'SHP7292407', '2024-02-28', 'Mr', '2024-02-19 06:53:20', '2024-07-23 06:09:36', '2429751', NULL, 'Active', 'NO', NULL, NULL, NULL),
('SHP4502407', 'nanakofi75', '$2y$10$Ci6ILd/GGk0fXTFUNzZW9eET7U4aNlAxXjPLOCS67p.9nJeD5Pic6', 'Nana', 'Kofi', 'Adoato', '0241059800', '0241059800', 'Male', 'itmannanayaw@gmail.com', 'NEW-USER', 'Super Admin', 'uploads/users/93da481259e7d3940ac00c658ddc0c6db810b561_8208.jpg', NULL, NULL, 'SHP7292407', '2024-07-01', 'Mr', '2024-07-22 20:40:47', '2024-07-23 06:10:19', 'SHP7292407', NULL, 'Active', 'NO', NULL, NULL, NULL),
('SHP7292407', 'frannkan90', '$2y$10$0uFsOL9kiD17YZFLnbosNu/bRuhDK4raNAzRqCaYPpqDdsg.OsqIO', 'Francis', 'Nkansah', 'Adoato', '0241059800', '0241059800', 'Male', 'itmanyaw@gmail.com', 'NEW-USER', 'Admin', 'uploads/users/a940c584fb5231881a00e10c824adddb3dbe311a_3334.jpg', NULL, 'Christian', '2423461', '2024-07-23', NULL, '2024-07-22 16:43:50', NULL, NULL, NULL, 'Active', 'NO', NULL, NULL, NULL),
('SHP7622407', 'prisagye32', '$2y$10$YUb/gmGoRSO1nxkeTmZQyeOBuSyp9S6KKKBhjgwPvezn7NE.OkldS', 'Priscilla', 'Agyei', 'Adoato', '0241059800', '0241059800', 'Female', 'itmannanayaw@gmail.com', 'NEW-USER', 'Super Admin', 'uploads/users/d52b75c4516fd2003e578671b5873bd472f5a639_5246.jpg', NULL, NULL, 'SHP7292407', '2024-07-30', 'Mrs', '2024-07-22 20:47:54', NULL, NULL, NULL, 'Active', 'NO', NULL, NULL, NULL),
('SHP8822407', 'nanayaw13', '$2y$10$.QxOGhWVDuEzE8vd9Ps7VuIAiUHKGXdsPzJSCYHBYjNWUGQnSgCki', 'Nana', 'Yaw', 'Adoato', '0241059800', '0241059800', 'Male', 'itmanyaw@gmail.com', 'NEW-USER', 'Admin', 'uploads/users/afe43486e53905daa5131d46bdd0beed2182ad14_5370.jpg', NULL, NULL, 'SHP7292407', '2024-07-25', NULL, '2024-07-22 20:21:34', NULL, NULL, NULL, 'Active', 'NO', NULL, NULL, NULL);

CREATE TABLE IF NOT EXISTS `ministry`(
`MinistryId` varchar (20),
`MinistryName` varchar(50),
-- `Category` varchar(250),
`MinistryHead` varchar(50),
`TitleId` varchar(50),
`AddedDate` datetime DEFAULT current_timestamp(),
`UpdatedDate` datetime,
`UpdatedId` varchar(60),
`AddedId` varchar(60),
`UpdatedNotes` text,
`Status` varchar(10) DEFAULT 'ACTIVE',
`Archived` varchar(10) DEFAULT 'NO',
`ArchiveId` varchar(10),
`ArchiveDate` datetime,
`UserId` datetime,
`ArchiveTime` datetime,
PRIMARY KEY(`MinistryId`)
)ENGINE=INNODB;

INSERT INTO `ministry` (`MinistryId`, `MinistryName`, `MinistryHead`, `TitleId`, `AddedDate`, `UpdatedDate`, `UpdatedId`, `AddedId`, `UpdatedNotes`, `Status`, `Archived`, `ArchiveId`, `ArchiveDate`, `UserId`, `ArchiveTime`) VALUES
('MIN2407200', 'Technical Team', 'Addo Samuel', 'TI002', '2024-07-23 09:28:23', NULL, NULL, 'SHP7292407', NULL, 'Active', 'NO', NULL, NULL, '0000-00-00 00:00:00', NULL),
('MIN2407330', 'Prayer Team', 'Kwabena Agyei', 'TI002', '2024-07-23 09:55:22', '2024-07-24 05:05:09', '2423461', 'SHP7292407', NULL, 'Active', 'NO', NULL, NULL, '0000-00-00 00:00:00', NULL),
('MIN2407332', 'Instrumentalist Team', 'Emmanuel Darko', 'TI002', '2024-07-23 08:15:42', '2024-07-24 05:04:49', '2423461', 'SHP7292407', NULL, 'Active', 'NO', NULL, NULL, '0000-00-00 00:00:00', NULL),
('MIN2407426', 'Usher Team', 'Nana Yaw', 'TI002', '2024-07-23 18:15:43', '2024-07-24 05:05:30', '2423461', 'SHP7292407', NULL, 'Active', 'NO', NULL, NULL, '0000-00-00 00:00:00', NULL),
('MIN2407818', 'Uncles & Aunties Team', 'Ama Adoma', 'TI001', '2024-07-23 09:26:38', '2024-07-24 05:05:19', '2423461', 'SHP7292407', NULL, 'Active', 'NO', NULL, NULL, '0000-00-00 00:00:00', NULL),
('MIN2407869', 'Praises & Worship Team', 'Sarah Aikins Nyame', 'TI003', '2024-07-23 08:14:15', '2024-07-24 05:05:01', '2423461', 'SHP7292407', NULL, 'Active', 'NO', NULL, NULL, '0000-00-00 00:00:00', NULL),
('MIN2407923', 'Fire in my bones', 'Samuel Agbesi', 'TI002', '2024-07-24 03:29:08', NULL, NULL, '2423461', NULL, 'Active', 'NO', NULL, NULL, '0000-00-00 00:00:00', NULL),
('MIN2407929', 'Business Community Team', 'Kofi Agyei', 'TI002', '2024-07-23 18:18:15', '2024-07-24 05:04:06', '2423461', 'SHP7292407', NULL, 'Active', 'NO', NULL, NULL, '0000-00-00 00:00:00', NULL),
('MIN2408356', 'No Ministry', 'Enoch Agbesi', 'TI002', '2024-08-27 21:47:09', NULL, NULL, '2423461', NULL, 'Active', 'NO', NULL, NULL, '0000-00-00 00:00:00', NULL),
('MIN2408517', 'Sweet Angels', 'Emmanuel Darko', 'TI002', '2024-08-26 10:12:47', NULL, NULL, '2423461', NULL, 'Active', 'NO', NULL, NULL, '0000-00-00 00:00:00', NULL),
('MIN2408606', 'Telepastoring', 'Kwaku Osei Bonsu', 'TI006', '2024-08-27 19:20:30', NULL, NULL, '2423461', NULL, 'Active', 'NO', NULL, NULL, '0000-00-00 00:00:00', NULL),
('MIN2408659', 'Security', 'Adu Gyamfi', 'TI002', '2024-08-26 10:14:31', NULL, NULL, '2423461', NULL, 'Active', 'NO', NULL, NULL, '0000-00-00 00:00:00', NULL),
('MIN2408909', 'Protocol Team', 'Adu Gyamfi', 'TI002', '2024-08-26 10:13:30', '2024-08-28 06:53:37', '2423461', '2423461', NULL, 'Active', 'NO', NULL, NULL, '0000-00-00 00:00:00', NULL);

CREATE TABLE IF NOT EXISTS `bacenta`(
`BacentaId` varchar (20),
`BacentaName` varchar(50),
`BacentaHead` varchar(50),
`AddedDate` datetime DEFAULT current_timestamp(),
`UpdatedDate` datetime,
`UserId` varchar(60),
`UpdatedId` varchar(60),
`UpdatedNotes` text,
`Status` varchar(10) DEFAULT 'ACTIVE',
`Archived` varchar(10) DEFAULT 'NO',
`ArchiveId` varchar(10),
`AddedId` varchar(10),
`ArchiveDate` datetime,
`ArchiveTime` datetime,
PRIMARY KEY(`BacentaId`)
)ENGINE=INNODB;


CREATE TABLE IF NOT EXISTS `members`(
`MemberId` varchar (20),
`MinistryId` varchar (20),
`MemberType` varchar (20),
`BacentaId` varchar (20),
`EducationId` varchar (20),
`CertificateId` varchar (20),
`Firstname` varchar(50),
`Lastname` varchar(50),
`Fullname` varchar(200) GENERATED ALWAYS AS (CONCAT(Firstname,' ',Lastname)),
`Address` varchar (50),
`Occupation` varchar (50),
`Telephone1` varchar(20),
`Telephone2` varchar(20),
`Gender` varchar(20),
`Email` varchar(50),
`MaritalStatus` varchar(50),
-- `EduBackground` varchar(50),
`Mode` varchar(50) DEFAULT 'NEW-USER' COMMENT 'new user notifications',
`AgeRange` varchar(150),
`Image` varchar(250),
`Country` varchar(20),
-- `Religion` varchar(20),
`Region` varchar(20),
`AddedId` varchar(20),
`DOB` date,
`TitleId` varchar(20),
`AddedDate` datetime DEFAULT current_timestamp(),
`UpdatedDate` datetime,
`UpdatedId` varchar(60),
`UpdatedNotes` text,
`Status` varchar(10) DEFAULT 'ACTIVE',
`Archived` varchar(10) DEFAULT 'NO',
`ArchiveId` varchar(10),
`UserId` varchar(10),
`ArchiveDate` datetime,
`ArchiveTime` datetime,
PRIMARY KEY(`MemberId`)
)ENGINE=INNODB;

INSERT INTO `members` (`MemberId`, `MinistryId`, `BacentaId`, `EducationId`, `CertificateId`, `Firstname`, `Lastname`, `Address`, `Occupation`, `JobDescription`, `Telephone1`, `Telephone2`, `Gender`, `Email`, `MaritalStatus`, `Mode`, `AgeRange`, `Image`, `Country`, `Region`, `AddedId`, `DOB`, `TitleId`, `AddedDate`, `UpdatedDate`, `UpdatedId`, `UpdatedNotes`, `Status`, `Archived`, `ArchiveId`, `UserId`, `ArchiveDate`, `ArchiveTime`) VALUES
('TMCS2407103', 'MIN2407426', NULL, 'ED002', 'CER001', 'Kwadwo', 'Nyarko', 'Abrepo-Broniikrom', 'Trader', '', '0242120768', '0242120768', 'Male', 'realcona@gmail.com', 'Single', 'NEW-USER', '20-29', 'uploads/members/59788daf20c548bd4a4cf489a317d51d2e0cae3a_6546.png', 'Ghanaian', 'Ashanti', '2423461', '23/03', 'TI002', '2024-07-24 13:18:17', NULL, NULL, NULL, 'Active', 'NO', NULL, NULL, NULL, NULL),
('TMCS2407118', 'MIN2407929', NULL, 'ED004', 'CER004', 'Evans Reginald', 'Amihere', 'Asuboteng', 'Teacher and Artist', '', '0246876743', '0246876743', 'Male', 'realcona@gmail.com', 'Single', 'NEW-USER', '40-49', 'uploads/members/b9b439d8f16c2bed32ae8dcd30c9b663fb06b6af_6824.png', 'Ghanaian', 'Ashanti', '2423461', '23/09', 'TI002', '2024-07-24 13:07:35', NULL, NULL, NULL, 'Active', 'NO', NULL, NULL, NULL, NULL),
('TMCS2407395', 'MIN2407818', NULL, 'ED003', 'CER002', 'Charlotte', 'Adjei', 'Ampabame', 'Trader', '', '0559631907', '0559631907', 'Female', 'realcona@gmail.com', 'Married', 'NEW-USER', '30-39', 'uploads/members/4687af4478d2a19800c255963909b4561a6c26e7_4546.png', 'Ghanaian', 'Ashanti', '2423461', '23/12', 'TI003', '2024-07-24 13:28:45', NULL, NULL, NULL, 'Active', 'NO', NULL, NULL, NULL, NULL),
('TMCS2407417', 'MIN2407426', NULL, 'ED002', 'CER001', 'Josephine', 'Antwi', 'Ohwim', 'Caterer', '', '0551578180', '0551578180', 'Female', 'realcona@gmail.com', 'Single', 'NEW-USER', '20-29', 'uploads/members/3abd789ae632c8631eff486bebf5afb19e20e89b_4182.png', 'Ghanaian', 'Ashanti', '2423461', '12/03', 'TI001', '2024-07-24 14:39:56', NULL, NULL, NULL, 'Active', 'NO', NULL, NULL, NULL, NULL),
('TMCS2407467', 'MIN2407426', NULL, 'ED003', 'CER002', 'Eric Osei', 'Opoku', 'Kokoso', 'Business', '', '0248811505', '0248811505', 'Male', 'realcona@gmail.com', 'Single', 'NEW-USER', '30-39', 'uploads/members/b13bef8f58b3a99763b2fbbfdc73f6eb533f7680_5678.png', 'Ghanaian', 'Ashanti', '2423461', '23/12', 'TI002', '2024-07-24 13:43:01', NULL, NULL, NULL, 'Active', 'NO', NULL, NULL, NULL, NULL),
('TMCS2407640', 'MIN2407200', NULL, 'ED004', 'CER004', 'Vivian ', 'Boakye Yiadom', 'Kronum Botantia', 'Teacher', '', '0548531774', '0548531774', 'Female', 'realcona@gmail.com', 'Married', 'NEW-USER', '20-29', 'uploads/members/e529b920a15ab8f5ffeca78c62e9e995d591c78b_9213.png', 'Ghanaian', 'Ashanti', '2423461', '23/12', 'TI003', '2024-07-24 13:31:08', NULL, NULL, NULL, 'Active', 'NO', NULL, NULL, NULL, NULL),
('TMCS2407645', 'MIN2407332', NULL, 'ED003', 'CER002', 'Evans', 'Obeng', 'Ohwim', 'Shop Attendant', '', '0501189176', '0501189176', 'Male', 'realcona@gmail.com', 'Single', 'NEW-USER', '30-39', 'uploads/members/0b5ebc7bb6da75954ad5c50d91f46a98cd8651e9_1794.png', 'Ghanaian', 'Ashanti', '2423461', '23/12', 'TI002', '2024-07-24 14:43:35', NULL, NULL, NULL, 'Active', 'NO', NULL, NULL, NULL, NULL),
('TMCS2407700', 'MIN2407818', NULL, 'ED001', 'CER001', 'Ante ', 'Abena', 'Adoato', 'Unemployed', '', '0593766212', '0593766212', 'Female', 'realcona@gmail.com', 'Seperated', 'NEW-USER', '40-49', 'uploads/members/c085fe44ed47717860fb66cdc95e3d45727c3d49_6336.png', 'Ghanaian', 'Ashanti', '2423461', '23/12', 'TI003', '2024-07-24 13:45:04', NULL, NULL, NULL, 'Active', 'NO', NULL, NULL, NULL, NULL),
('TMCS2407741', 'MIN2407929', NULL, 'ED003', 'CER002', 'Adams', 'Oppong', 'Bekwamen- Kotwi', 'ICT', '', '0244762410', '0244762410', 'Male', 'realcona@gmail.com', 'Married', 'NEW-USER', '40-49', 'uploads/members/a6581030032b5e2b66cdd42f791b59a3a87c11e6_8131.png', 'Ghanaian', 'Ashanti', '2423461', '23/04', 'TI002', '2024-07-24 13:16:25', NULL, NULL, NULL, 'Active', 'NO', NULL, NULL, NULL, NULL),
('TMCS24077767', 'MIN2407818', NULL, 'ED004', 'CER004', 'Abena Konadu', 'Bonsu', 'Odeneho Kwadaso', 'Manageress', '', '0244798797', '0244798797', 'Female', 'email@email.com', 'Single', 'NEW-USER', '40-49', 'uploads/members/51aeda6b54323bd5ab961e2584215e45c6efe1ac_7254.png', 'Ghanaian', 'Ashanti', '2423461', '23/10', 'TI001', '2024-07-24 10:55:33', '2024-08-26 19:55:13', '2423461', NULL, 'Active', 'NO', NULL, NULL, NULL, NULL),
('TMCS2407932', 'MIN2407929', NULL, 'ED004', 'CER004', 'Patrick Yaw', 'Addi Armah', 'Asuoyeboah', 'Shop Attendant', '', '0543905276', '0543905276', 'Male', 'realcona@gmail.com', 'Married', 'NEW-USER', '30-39', 'uploads/members/5b109860a3a3b7eca84576c166212c48da89a8a1_9746.png', 'Ghanaian', 'Ashanti', '2423461', '23/12', 'TI002', '2024-07-24 14:41:48', NULL, NULL, NULL, 'Active', 'NO', NULL, NULL, NULL, NULL),
('TMCS24080083', 'MIN2408517', NULL, 'ED003', 'CER002', 'Challote ', 'Antwi', 'Abrepo', 'Trader', '', '0546358487', '0546358487', 'Female', 'email@email.com', 'Married', 'NEW-USER', '30-39', 'uploads/members/356e0f03f297b629bd9d3d4ebe5fa27a6571b418_1659.png', 'Ghanaian', 'Ashanti', '2423461', '12/12', 'TI001', '2024-08-27 21:39:42', NULL, NULL, NULL, 'Active', 'NO', NULL, NULL, NULL, NULL),
('TMCS24080260', 'MIN2407869', NULL, 'ED004', 'CER005', 'Sarah ', 'Aikins ', 'Abrepo(Akokc specs)', 'Secretary', '', '0534236994', '0534236994', 'Female', 'email@email.com', 'Married', 'NEW-USER', '30-39', 'uploads/members/a3ffbd96c01254d4cfe6811907c73c7a2a051824_8738.png', 'Ghanaian', 'Ashanti', '2423461', '12/12', 'TI003', '2024-08-27 18:52:09', NULL, NULL, NULL, 'Active', 'NO', NULL, NULL, NULL, NULL),
('TMCS24080313', 'MIN2407869', NULL, 'ED004', 'CER004', 'Blessing ', 'Nsiah', 'Kokoso', 'Student nursing ', '', '054887205', '054887205', 'Female', 'email@email.com', 'Single', 'NEW-USER', '20-29', 'uploads/members/b6fe97358d935f3d8095beb5c59804b1809d4942_8198.png', 'Ghanaian', 'Ashanti', '2423461', '12/12', 'TI001', '2024-08-27 21:38:25', NULL, NULL, NULL, 'Active', 'NO', NULL, NULL, NULL, NULL),
('TMCS24080364', 'MIN2407869', NULL, 'ED003', 'CER002', 'Bianca ', 'Owusu', 'Kronom (otumfo)', 'Seamstress (under Training)', '', '0247023477', '0247023477', 'Female', 'email@email.com', 'Single', 'NEW-USER', '20-29', 'uploads/members/d3e639de7f7fa65247301846e482c407db5d8353_3720.png', 'Ghanaian', 'Ashanti', '2423461', '12/12', 'TI001', '2024-08-27 18:49:07', NULL, NULL, NULL, 'Active', 'NO', NULL, NULL, NULL, NULL),
('TMCS24080423', 'MIN2408909', NULL, 'ED003', 'CER002', 'Freda ', 'Osei', 'Amanfrom ', 'Beautification ', '', '0530204958', '0530204958', 'Female', 'email@email.com', 'Single', 'NEW-USER', '20-29', 'uploads/members/047f4aa723005e6f7dc8b92807bd017b3c08b435_3628.png', 'Ghanaian', 'Ashanti', '2423461', '12/12', 'TI001', '2024-08-27 18:57:20', NULL, NULL, NULL, 'Active', 'NO', NULL, NULL, NULL, NULL),
('TMCS24080513', 'MIN2407929', NULL, 'ED004', 'CER005', 'Kennedy', 'Bempong', 'Atwima Techiman', 'Sales Manager', '', '0530060767', '0530060767', 'Male', 'email@email.com', 'Married', 'NEW-USER', '40-49', 'uploads/members/8a8dbc242f617334038fb21ff924d4811f99f97c_7200.png', 'Ghanaian', 'Ashanti', '2312906', '12/12', 'TI002', '2024-08-28 05:25:20', NULL, NULL, NULL, 'Active', 'NO', NULL, NULL, NULL, NULL),
('TMCS24080612', 'MIN2407869', NULL, 'ED004', 'CER003', 'Sarah ', 'Addo', 'Amanfrom', 'Sales /Accountant', '', '0256262878', '0256262878', 'Female', 'email@email.com', 'Single', 'NEW-USER', '20-29', 'uploads/members/f0be553a661def8de6b0db44428febe72df96877_1225.png', 'Ghanaian', 'Ashanti', '2423461', '12/12', 'TI001', '2024-08-27 19:03:09', NULL, NULL, NULL, 'Active', 'NO', NULL, NULL, NULL, NULL),
('TMCS24080647', 'MIN2407869', NULL, 'ED004', 'CER005', 'Victoria ', 'Danladi ', 'Abrepo ( Abronsanse)', 'Teacher', '', '0549600405', '0549600405', 'Female', 'email@email.com', 'Single', 'NEW-USER', '30-39', 'uploads/members/156fe1be9433633dae680e31be70e7059b7acd46_9465.png', 'Ghanaian', 'Ashanti', '2423461', '12/12', 'TI001', '2024-08-27 19:09:51', NULL, NULL, NULL, 'Active', 'NO', NULL, NULL, NULL, NULL),
('TMCS24080703', 'MIN2408606', NULL, 'ED004', 'CER005', 'Abigail Achiaa ', 'Opoku Baker ', 'Abrepo', 'Secretary', '', '0245645472', '0245645472', 'Female', 'email@email.com', 'Single', 'NEW-USER', '30-39', 'uploads/members/b2a7e2875bbf4bf6a1c3a06bf85fc1d362429061_1829.png', 'Ghanaian', 'Ashanti', '2423461', '12/12', 'TI001', '2024-08-27 19:19:53', '2024-08-28 04:22:24', '2423461', NULL, 'Active', 'NO', NULL, NULL, NULL, NULL),
('TMCS24080708', 'MIN2407330', NULL, 'ED004', 'CER004', 'Robert ', 'Opoku Atta Jnr', 'Bohyen kumasi ', 'Business Man', '', '0592292696', '0592292696', 'Male', 'email@email.com', 'Single', 'NEW-USER', '30-39', 'uploads/members/9504a29a9f64656de78f7edc7b196c728f93e608_2618.png', 'Ghanaian', 'Ashanti', '2423461', '12/12', 'TI002', '2024-08-27 18:39:45', NULL, NULL, NULL, 'Active', 'NO', NULL, NULL, NULL, NULL),
('TMCS24080907', 'MIN2407332', NULL, 'ED004', 'CER005', 'Emmanuel ', 'Agyekum Darko', 'Bohyen', 'Student', '', '0554569535', '0554569535', 'Male', 'email@email.com', 'Single', 'NEW-USER', '30-39', 'uploads/members/bef7a7361a550a5bc38830fd5b717d71562840e4_2529.png', 'Ghanaian', 'Ashanti', '2423461', '12/12', 'TI002', '2024-08-27 19:50:34', NULL, NULL, NULL, 'Active', 'NO', NULL, NULL, NULL, NULL),
('TMCS24081', 'MIN2408909', NULL, 'ED004', 'CER004', 'Gladys ', 'Okai', 'Pakyi No 1', 'Caterer', '', '0244406708', '0244406708', 'Female', 'email@email.com', 'Married', 'NEW-USER', '40-49', 'uploads/members/f0ef8e7642acc65ee6108e829ab689a720b2b3ae_3383.png', 'Ghanaian', 'Ashanti', '2423461', '12/12', 'TI003', '2024-08-27 18:18:01', NULL, NULL, NULL, 'Active', 'NO', NULL, NULL, NULL, NULL),
('TMCS2408100', 'MIN2407869', NULL, 'ED004', 'CER004', 'Rose Esther ', 'Pokuaa', 'Kokoso', 'Midwife', '', '0541966001', '0541966001m', 'Female', 'email@email.com', 'Single', 'NEW-USER', '20-29', 'uploads/members/d20d4b0167a912b6048d2ace3b56116a341d933d_3069.png', 'Ghanaian', 'Ashanti', '2423461', '12/12', 'TI001', '2024-08-27 18:15:48', NULL, NULL, NULL, 'Active', 'NO', NULL, NULL, NULL, NULL),
('TMCS2408101', 'MIN2407200', NULL, 'ED004', 'CER005', 'Favour Dorothy ', 'Darkowaa Ansah', 'Bohyen', 'Anaesthetist', '', '0545177803', '0545177803', 'Female', 'email@email.com', 'Single', 'NEW-USER', '30-39', 'uploads/members/1268b35e7a548ba58f684c926b56522c765bd227_7284.png', 'Ghanaian', 'Ashanti', '2423461', '12/12', 'TI001', '2024-08-27 18:04:13', NULL, NULL, NULL, 'Active', 'NO', NULL, NULL, NULL, NULL),
('TMCS2408102', 'MIN2408517', NULL, 'ED004', 'CER004', 'Faustina ', 'Antwi', 'Abrepo', 'Caterer ', '', '0546308786', '0546308786', 'Female', 'email@email.com', 'Married', 'NEW-USER', '30-39', 'uploads/members/9ee593f5bf7444890b9d783b24bb128464b9fcc5_5444.png', 'Ghanaian', 'Ashanti', '2423461', '12/12', 'TI003', '2024-08-27 18:12:34', NULL, NULL, NULL, 'Active', 'NO', NULL, NULL, NULL, NULL),
('TMCS24081048', 'MIN2408517', NULL, 'ED003', 'CER002', 'Jackline ', 'Osei Tutu', 'Abrepo', 'ECG vendor', '', '0558156418', '0558156418', 'Female', 'email@email.com', 'Single', 'NEW-USER', '20-29', 'uploads/members/75e2a5c3517f2ca1898e8e416815a0bd364895c1_5697.png', 'Ghanaian', 'Ashanti', '2423461', '12/12', 'TI001', '2024-08-27 19:28:14', NULL, NULL, NULL, 'Active', 'NO', NULL, NULL, NULL, NULL),
('TMCS24081381', 'MIN2408517', NULL, 'ED002', 'CER001', 'Richard ', 'Boateng', 'Abrepo', 'Tiler ( under construction )', '', '0547231917', '0547231917', 'Male', 'email@email.com', 'Single', 'NEW-USER', '30-39', 'uploads/members/f545ede6a88b09aae7e203c33d6a717f5b090e73_1355.png', 'Ghanaian', 'Ashanti', '2423461', '12/12', 'TI002', '2024-08-27 19:49:14', NULL, NULL, NULL, 'Active', 'NO', NULL, NULL, NULL, NULL),
('TMCS2408152', 'MIN2407818', NULL, 'ED003', 'CER002', 'Maxwell ', 'Dadzie', 'Bohyen', 'Mate', '', '0539737815', '0539737815', 'Male', 'realcona@gmail.com', 'Single', 'NEW-USER', '20-29', 'uploads/members/d6eadf72a7c66b54b60717bce88a5da8a422aba8_2781.png', 'Ghanaian', 'Ashanti', '2423461', '12/12', 'TI002', '2024-08-26 10:26:21', NULL, NULL, NULL, 'Active', 'NO', NULL, NULL, NULL, NULL),
('TMCS24081690', 'MIN2408517', NULL, 'ED004', 'CER005', 'Richmond ', 'Osei Tutu', 'Kronom-Botantia', 'Teacher', '', '0245381089', '0245381089', 'Male', 'email@email.com', 'Married', 'NEW-USER', '30-39', 'uploads/members/e6e374ca8ada078f00df18d20c600b9f67cc864e_2203.png', 'Ghanaian', 'Ashanti', '2423461', '12/12', 'TI002', '2024-08-27 21:13:52', NULL, NULL, NULL, 'Active', 'NO', NULL, NULL, NULL, NULL),
('TMCS24081735', 'MIN2407330', NULL, 'ED004', 'CER005', 'Damas ', 'Jean Wedraogo', 'Suame', 'Auto electrician', '', '0596111791', '0596111791', 'Male', 'email@email.com', 'Single', 'NEW-USER', '20-29', 'uploads/members/2dff092b834752a4e79a1f5c9e3ccf30aa0a8564_5261.png', 'Ghanaian', 'Ashanti', '2312906', '12/12', 'TI002', '2024-08-28 05:56:08', NULL, NULL, NULL, 'Active', 'NO', NULL, NULL, NULL, NULL),
('TMCS24081798', 'MIN2407332', NULL, 'ED004', 'CER005', 'Jeffery', 'O', 'Bohyen', 'Nurse', '', '0548553554', '0548553554', 'Male', 'email@email.com', 'Single', 'NEW-USER', '20-29', 'uploads/members/5f0272ece7fa5f8708cee82fc75e554e1587d9f9_7214.png', 'Ghanaian', 'Ashanti', '2423461', '12/12', 'TI002', '2024-08-27 19:36:53', NULL, NULL, NULL, 'Active', 'NO', NULL, NULL, NULL, NULL),
('TMCS2408182', 'MIN2407929', NULL, 'ED003', 'CER003', 'Ortis ', 'Ofosu', 'Atonsu S-Line ', 'Adult Service', '', '0240334497', '0240334497', 'Male', 'email@email.com', 'Single', 'NEW-USER', '30-39', 'uploads/members/3342a5baab78d572497a7574a5e81259e0f7ca15_2892.png', 'Ghanaian', 'Ashanti', '2423461', '12/12', 'TI002', '2024-08-26 19:42:30', NULL, NULL, NULL, 'Active', 'NO', NULL, NULL, NULL, NULL),
('TMCS24081846', 'MIN2407929', NULL, 'ED003', 'CER002', 'Emmanuel ', 'Gyamfi ', 'Asubonteng', 'Wheel loader operator', '', '0244885790', '0244885790', 'Male', 'email@email.com', 'Married', 'NEW-USER', '30-39', 'uploads/members/2713f40076db39b2f6557f0129a6c89b2339063b_2382.png', 'Ghanaian', 'Ashanti', '2312906', '12/12', 'TI002', '2024-08-28 05:26:50', NULL, NULL, NULL, 'Active', 'NO', NULL, NULL, NULL, NULL),
('TMCS24082055', 'MIN2407869', NULL, 'ED004', 'CER004', 'Erica ', 'Owusuaa', 'Asuoyeboah', 'Nurse', '', '0540996402', '0540996402', 'Female', 'email@email.com', 'Married', 'NEW-USER', '30-39', 'uploads/members/bae60c84335a2cd8868438ac789572e89d5054dc_5934.png', 'Ghanaian', 'Ashanti', '2423461', '12/12', 'TI003', '2024-08-27 18:53:20', NULL, NULL, NULL, 'Active', 'NO', NULL, NULL, NULL, NULL),
('TMCS24082107', 'MIN2407818', NULL, 'ED003', 'CER002', 'Abigail ', 'Awuah', 'Ohwim Amanfrom', 'Business woman', '', '0543158584', '0543158584', 'Female', 'email@email.com', 'Single', 'NEW-USER', '20-29', 'uploads/members/bca8cdcfe4cba67c6e216036b86a6f18966c6ade_8388.png', 'Ghanaian', 'Ashanti', '2312906', '12/12', 'TI001', '2024-08-28 05:15:49', NULL, NULL, NULL, 'Active', 'NO', NULL, NULL, NULL, NULL),
('TMCS24082227', 'MIN2407330', NULL, 'ED003', 'CER002', 'Esther ', 'Boakye Yiadom', 'Ohwim Amanfrom ', 'Trader', '', '0541427330', '0541427330', 'Female', 'email@email.com', 'Single', 'NEW-USER', '30-39', 'uploads/members/09909b7ec59e9eabe79913facdfd2e790b49a0bb_8423.png', 'Ghanaian', 'Ashanti', '2312906', '12/12', 'TI001', '2024-08-28 05:13:49', NULL, NULL, NULL, 'Active', 'NO', NULL, NULL, NULL, NULL),
('TMCS24082231', 'MIN2407869', NULL, 'ED004', 'CER005', 'Maame ', 'Serwaah Amoah ', 'Kwadaso Estate SHC 36', 'Development Planning ', '', '0541027359', '0541027359', 'Female', 'email@email.com', 'Single', 'NEW-USER', '30-39', 'uploads/members/fb75875bf3403918531d1b02d3e3b3c75cdb6f4d_6239.png', 'Ghanaian', 'Ashanti', '2423461', '12/12', 'TI001', '2024-08-27 19:31:22', NULL, NULL, NULL, 'Active', 'NO', NULL, NULL, NULL, NULL),
('TMCS24082252', 'MIN2407426', NULL, 'ED003', 'CER002', 'Georgina', 'Oppong ', 'Abrepo', 'Hairdresser', '', '0530953200', '0530953200', 'Female', 'email@email.com', 'Single', 'NEW-USER', '20-29', 'uploads/members/8ecc50de786127ff8819a7de674776074f629c3d_4267.png', 'Ghanaian', 'Ashanti', '2423461', '12/12', 'TI001', '2024-08-27 21:30:39', NULL, NULL, NULL, 'Active', 'NO', NULL, NULL, NULL, NULL),
('TMCS24082305', 'MIN2407332', NULL, 'ED003', 'CER002', 'Prince ', 'Obeng ', 'Asokore Mampong', 'Project manager, DBS industries', '', '0542066799', '0542066799', 'Male', 'email@email.com', 'Single', 'NEW-USER', '30-39', 'uploads/members/7cd0c3ab625da863f5b7da6f013ea89aef941db2_2120.png', 'Ghanaian', 'Ashanti', '2423461', '12/12', 'TI002', '2024-08-27 19:42:23', NULL, NULL, NULL, 'Active', 'NO', NULL, NULL, NULL, NULL),
('TMCS2408261', 'MIN2407200', NULL, 'ED004', 'CER004', 'Nelson ', 'Owusu Ansah', 'Pankrono Estate ', 'SEMES CAT CO LTD', '', '0249349565', '0249349565', 'Male', 'email@email.com', 'Married', 'NEW-USER', '30-39', 'uploads/members/91b0aec32f746f723bb44144772b2ffd1a75b52a_4283.png', 'Ghanaian', 'Ashanti', '2423461', '12/12', 'TI002', '2024-08-27 17:18:12', NULL, NULL, NULL, 'Active', 'NO', NULL, NULL, NULL, NULL),
('TMCS24082672', 'MIN2407200', NULL, 'ED004', 'CER005', 'Linda ', 'Gyau', 'Tanoso', 'Teacher', '', '0261202763', '0261202763', 'Female', 'email@email.com', 'Single', 'NEW-USER', '30-39', 'uploads/members/c79bee6c05cd45fe1d2f92eb3cbbddba4bb8acec_7175.png', 'Ghanaian', 'Ashanti', '2312906', '12/12', 'TI001', '2024-08-28 05:42:55', NULL, NULL, NULL, 'Active', 'NO', NULL, NULL, NULL, NULL),
('TMCS24082721', 'MIN2407869', NULL, 'ED004', 'CER005', 'Prince ', 'Junior Asare ', 'Abrepo', 'Self employed ', '', '0544198550', '0544198550', 'Male', 'email@email.com', 'Single', 'NEW-USER', '20-29', 'uploads/members/d3da8b9b19d7a62514e5d3ec30ab9b19801debbb_9828.png', 'Ghanaian', 'Ashanti', '2423461', '12/12', 'TI002', '2024-08-27 19:01:57', NULL, NULL, NULL, 'Active', 'NO', NULL, NULL, NULL, NULL),
('TMCS2408275', 'MIN2407426', NULL, 'ED003', 'CER002', 'Joshua Winans', 'Ali', 'Abrebo - Atafoa', 'Businessman', '', '0244466336', '0244466336', 'Male', 'realcona@gmail.com', 'Single', 'NEW-USER', '40-49', 'uploads/members/1ce1680eb958fca6fbffcd4aa265e04d3e2e3785_8822.png', 'Ghanaian', 'Ashanti', '2423461', '12/12', 'TI002', '2024-08-26 10:21:12', NULL, NULL, NULL, 'Active', 'NO', NULL, NULL, NULL, NULL),
('TMCS24082765', 'MIN2407200', NULL, 'ED004', 'CER005', 'Hubert', ' Asamoah Acheampong', 'Tanoso-Aamusted campus ', 'Student', '', '0596729605', '0596729605', 'Male', 'email@email.com', 'Single', 'NEW-USER', '20-29', 'uploads/members/ba7375fb4d41d39f0b1e66ebce0d8714cf332a97_1793.png', 'Ghanaian', 'Ashanti', '2423461', '12/12', 'TI002', '2024-08-28 05:07:56', NULL, NULL, NULL, 'Active', 'NO', NULL, NULL, NULL, NULL),
('TMCS24082777', 'MIN2407929', NULL, 'ED004', 'CER004', 'Thomas ', 'Antwi', 'Abrepo - Bronikrom', 'Teacher', '', '0266796978', '0266796978', 'Male', 'email@email.com', 'Single', 'NEW-USER', '30-39', 'uploads/members/26f3175cc0768b2bab62ad22657cd457f4c99ac1_3555.png', 'Ghanaian', 'Ashanti', '2423461', '12/12', 'TI002', '2024-08-27 19:14:20', NULL, NULL, NULL, 'Active', 'NO', NULL, NULL, NULL, NULL),
('TMCS24082841', 'MIN2407330', NULL, 'ED004', 'CER004', 'Samuella ', 'Addai', 'Bohyen ', 'General Nurse', '', '0544860047', '0544860047', 'Female', 'email@email.com', 'Single', 'NEW-USER', '20-29', 'uploads/members/01d0351193d10f327290f9b94b39df90be271473_6929.png', 'Ghanaian', 'Ashanti', '2423461', '12/12', 'TI001', '2024-08-27 18:46:42', NULL, NULL, NULL, 'Active', 'NO', NULL, NULL, NULL, NULL),
('TMCS2408286', 'MIN2407330', NULL, 'ED004', 'CER003', 'Vivian ', 'Owusu  Achiaa', 'Kotwi', 'Midwife ', '', '0243270561', '0243270561', 'Female', 'email@email.com', 'Married', 'NEW-USER', '40-49', 'uploads/members/15862f262b1a02e0eed4b86132c83f8cc7f77e4a_5946.png', 'Ghanaian', 'Ashanti', '2423461', '12/12', 'TI003', '2024-08-27 17:19:28', NULL, NULL, NULL, 'Active', 'NO', NULL, NULL, NULL, NULL),
('TMCS24082907', 'MIN2408909', NULL, 'ED004', 'CER005', 'Patrick', ' Adu Bediako', 'Abrepo Junction', 'Teacher', '', '0542223775', '0542223775', 'Male', 'email@email.com', 'Married', 'NEW-USER', '30-39', 'uploads/members/0ba8ffffab3fbb67fe22577c4aeb5327d7dad150_2602.png', 'Ghanaian', 'Ashanti', '2423461', '12/12', 'TI002', '2024-08-27 18:37:12', NULL, NULL, NULL, 'Active', 'NO', NULL, NULL, NULL, NULL),
('TMCS2408340', 'MIN2407426', NULL, 'ED003', 'CER002', 'Daniel ', 'Boateng ', 'Brofoyedru ', 'Driver ', '', 'O242611602', 'O242611602', 'Male', 'email@email.com', 'Married', 'NEW-USER', '40-49', 'uploads/members/efc0f5d55f99edd8f5d0cec395425612db6b8bfd_9790.png', 'Ghanaian', 'Ashanti', '2423461', '12/12', 'TI002', '2024-08-27 17:33:25', NULL, NULL, NULL, 'Active', 'NO', NULL, NULL, NULL, NULL),
('TMCS24083489', 'MIN2407426', NULL, 'ED002', 'CER002', 'Charles ', 'Nkrumah ', 'Bohyen', 'Unemployed', '', '0545325740', '0545325740', 'Male', 'email@email.com', 'Married', 'NEW-USER', '30-39', 'uploads/members/a5c7ba68b0dd28e02a0d5f45d5534e774f053698_8526.png', 'Ghanaian', 'Ashanti', '2312906', '12/12', 'TI002', '2024-08-28 05:36:51', NULL, NULL, NULL, 'Active', 'NO', NULL, NULL, NULL, NULL),
('TMCS24083597', 'MIN2407818', NULL, 'ED004', 'CER004', 'Augustina ', 'Sena', 'Bronikrom (Abrepo)', 'Midwife', '', '0246036265', '0246036265', 'Female', 'email@email.com', 'Married', 'NEW-USER', '30-39', 'uploads/members/6ce8aa0b8e8cd8dd5deb2e24f6d6f368e90ff0ad_1788.png', 'Ghanaian', 'Ashanti', '2423461', '12/12', 'TI003', '2024-08-27 19:51:53', NULL, NULL, NULL, 'Active', 'NO', NULL, NULL, NULL, NULL),
('TMCS2408367', 'MIN2407929', NULL, 'ED003', 'CER002', 'Nora', 'Owusu Ameyaw', 'Adumanu', 'Trader', '', '0243712311', '0243712311', 'Female', 'email@email.com', 'Married', 'NEW-USER', '30-39', 'uploads/members/f4cc1b4cbcf829ccd4b2080ac24517a80d7708c4_4935.png', 'Ghanaian', 'Ashanti', '2423461', '12/12', 'TI003', '2024-08-26 10:33:52', NULL, NULL, NULL, 'Active', 'NO', NULL, NULL, NULL, NULL),
('TMCS24083692', 'MIN2408517', NULL, 'ED004', 'CER004', 'Mavis ', 'Antwi ', 'Boadi ', 'Veterinary Nurse', '', '0256742135', '0256742135', 'Female', 'email@email.com', 'Single', 'NEW-USER', '20-29', 'uploads/members/6d269f9f0f0131078d3f471d523a4c49b8396f0e_8706.png', 'Ghanaian', 'Ashanti', '2423461', '12/12', 'TI001', '2024-08-27 19:38:09', NULL, NULL, NULL, 'Active', 'NO', NULL, NULL, NULL, NULL),
('TMCS24083725', 'MIN2408356', NULL, 'ED004', 'CER004', 'Nana ', 'Adwoa', 'Abrepo', 'Unemployed', '', '0549467266', '0549467266', 'Female', 'email@email.com', 'Single', 'NEW-USER', '20-29', 'uploads/members/75f576aaa22b2461c0b83d699ecb2d3d41a849de_2566.png', 'Ghanaian', 'Ashanti', '2423461', '12/12', 'TI001', '2024-08-27 19:59:39', NULL, NULL, NULL, 'Active', 'NO', NULL, NULL, NULL, NULL),
('TMCS24083753', 'MIN2407332', NULL, 'ED003', 'CER002', 'Samuel ', 'Agbesi ', 'Sofoline', 'Graphics Designer ', '', '0599946984', '0599946984', 'Male', 'email@email.com', 'Single', 'NEW-USER', '20-29', 'uploads/members/5d7fe810a0c2dba695ffc8a2c7bce5084a28a075_7917.png', 'Ghanaian', 'Ashanti', '2423461', '12/12', 'TI002', '2024-08-27 19:26:10', NULL, NULL, NULL, 'Active', 'NO', NULL, NULL, NULL, NULL),
('TMCS24083766', 'MIN2408517', NULL, 'ED003', 'CER002', 'Victoria ', 'Agyei', 'Brofoyedu ', 'Trader', '', '0542815233', '0542815233', 'Female', 'email@email.com', 'Married', 'NEW-USER', '40-49', 'uploads/members/7b4b2afd25243d6ccd6e94b8dccb342c089f18dd_5639.png', 'Ghanaian', 'Ashanti', '2423461', '12/12', 'TI003', '2024-08-27 19:35:43', NULL, NULL, NULL, 'Active', 'NO', NULL, NULL, NULL, NULL),
('TMCS24083807', 'MIN2407330', NULL, 'ED003', 'CER002', 'Nina', 'Antwi', 'Ohwim', 'Unemployed', '', '0553301601', '0553301601', 'Female', 'email@email.com', 'Single', 'NEW-USER', '20-29', 'uploads/members/88e8293c374eba5a3eb65da8cc83713ac2592261_3518.png', 'Ghanaian', 'Ashanti', '2423461', '12/12', 'TI001', '2024-08-27 19:53:36', NULL, NULL, NULL, 'Active', 'NO', NULL, NULL, NULL, NULL),
('TMCS24083838', 'MIN2407426', NULL, 'ED003', 'CER002', 'Robert ', 'Dwomoh', 'Asuofua New site', 'Businessman', '', '0243525371', '0243525371', 'Male', 'email@email.com', 'Married', 'NEW-USER', '30-39', 'uploads/members/4e41f07593467c265ad0b4c58fe97165ef40cee4_3138.png', 'Ghanaian', 'Ashanti', '2423461', '12/12', 'TI002', '2024-08-27 19:00:56', NULL, NULL, NULL, 'Active', 'NO', NULL, NULL, NULL, NULL),
('TMCS24083910', 'MIN2408517', NULL, 'ED004', 'CER005', 'Veronica ', 'Aikins ', 'Abusuakruwa ', 'Teacher', '', '0547997469', '0547997469', 'Female', 'email@email.com', 'Single', 'NEW-USER', '30-39', 'uploads/members/5461f2d098a5a9815261ef3911077d4345765c73_3730.png', 'Ghanaian', 'Ashanti', '2423461', '12/12', 'TI001', '2024-08-27 19:15:18', NULL, NULL, NULL, 'Active', 'NO', NULL, NULL, NULL, NULL),
('TMCS24083957', 'MIN2408909', NULL, 'ED004', 'CER004', 'Anita', 'Birago ', 'Anyinam', 'Student', '', '0552863968', '0552863968', 'Female', 'email@email.com', 'Single', 'NEW-USER', '20-29', 'uploads/members/01700a822531f3777533de121b8eb0e2f3566498_4984.png', 'Ghanaian', 'Ashanti', '2423461', '12/12', 'TI001', '2024-08-28 06:13:08', NULL, NULL, NULL, 'Active', 'NO', NULL, NULL, NULL, NULL),
('TMCS24083986', 'MIN2407869', NULL, 'ED003', 'CER002', 'Mary ', 'Quainoo', 'Suame', 'Unemployed', '', '0243147786', '0243147786', 'Female', 'email@email.com', 'Single', 'NEW-USER', '20-29', 'uploads/members/403e01a0d20520e263362fb7766fbaa717b22059_7574.png', 'Ghanaian', 'Ashanti', '2423461', '12/12', 'TI001', '2024-08-27 21:17:11', NULL, NULL, NULL, 'Active', 'NO', NULL, NULL, NULL, NULL),
('TMCS2408407', 'MIN2407330', NULL, 'ED003', 'CER002', 'Elizabeth ', 'Oduro', 'Kronum ', 'Businesswoman/Student', '', '0209284018', '0209284018', 'Female', 'email@email.com', 'Married', 'NEW-USER', '30-39', 'uploads/members/79031131116ab79b34a57db6a37f5af3206a34a4_1942.png', 'Ghanaian', 'Ashanti', '2423461', '12/12', 'TI003', '2024-08-27 17:21:00', NULL, NULL, NULL, 'Active', 'NO', NULL, NULL, NULL, NULL),
('TMCS24084086', 'MIN2408517', NULL, 'ED003', 'CER002', 'Wendy ', 'Owusu ', 'Abrepo', 'Business woman', '', '0248224737', '0248224737', 'Female', 'email@email.com', 'Single', 'NEW-USER', '20-29', 'uploads/members/fb1067b84206e3b844248c9090d52046f98a13b1_4167.png', 'Ghanaian', 'Ashanti', '2423461', '12/12', 'TI001', '2024-08-27 19:34:10', NULL, NULL, NULL, 'Active', 'NO', NULL, NULL, NULL, NULL),
('TMCS24084167', 'MIN2407929', NULL, 'ED004', 'CER005', 'Mary Ann', 'Obeng', 'Ohwim', 'Secretarial work ', '', '0267072542', '0267072542', 'Female', 'email@email.com', 'Married', 'NEW-USER', '30-39', 'uploads/members/25355fd63aafd228293da88db6e008a0ed15deb0_8718.png', 'Ghanaian', 'Ashanti', '2312906', '12/12', 'TI003', '2024-08-28 05:33:51', NULL, NULL, NULL, 'Active', 'NO', NULL, NULL, NULL, NULL),
('TMCS24084376', 'MIN2407200', NULL, 'ED004', 'CER005', 'Salam ', 'Baato', 'Derma Ahafo', 'Student', '', '0558826006', '0558826006', 'Male', 'email@email.com', 'Single', 'NEW-USER', '20-29', 'uploads/members/2a7bc2817cb73849a35be70985d988c01b63d4a6_7510.png', 'Ghanaian', 'Ashanti', '2423461', '12/12', 'TI002', '2024-08-27 18:41:13', '2024-08-28 06:43:27', '2423461', NULL, 'Active', 'NO', NULL, NULL, NULL, NULL),
('TMCS24084468', 'MIN2408356', NULL, 'ED003', 'CER002', 'Precious', 'Owusu ', 'Amanfrom', 'Beautician', '', '0591553250', '0591553250', 'Female', 'email@email.com', 'Single', 'NEW-USER', '20-29', 'uploads/members/41fb753e9f10c49667f7d70e615bc082243b930b_8931.png', 'Ghanaian', 'Ashanti', '2423461', '12/12', 'TI001', '2024-08-27 21:32:55', NULL, NULL, NULL, 'Active', 'NO', NULL, NULL, NULL, NULL),
('TMCS2408448', 'MIN2407929', NULL, 'ED001', 'CER001', 'Elizabeth', 'Nyame', 'Ohwim', 'Trader', '', '0548975355', '0548975355', 'Female', 'realcona@gmail.com', 'Single', 'NEW-USER', '50-59', 'uploads/members/a4d16fb7aadfa3678c00a5e596e65e7b6f5209aa_1088.png', 'Ghanaian', 'Ashanti', '2423461', '23/12', 'TI003', '2024-08-26 10:18:19', NULL, NULL, NULL, 'Active', 'NO', NULL, NULL, NULL, NULL),
('TMCS24084504', 'MIN2407929', NULL, 'ED004', 'CER005', 'Baffour', 'Agyemang ', 'Buoho Ampabame ', 'Banker', '', '0244171725', '0244171725', 'Male', 'email@email.com', 'Married', 'NEW-USER', '40-49', 'uploads/members/0e85d8c0d620ae07ccc44fcb687ce347097a2e0a_1546.png', 'Ghanaian', 'Ashanti', '2312906', '12/12', 'TI002', '2024-08-28 05:22:00', NULL, NULL, NULL, 'Active', 'NO', NULL, NULL, NULL, NULL),
('TMCS24084542', 'MIN2407929', NULL, 'ED004', 'CER004', 'Rocky ', 'Baafi Asamoah ', 'Atimatim ', 'Teaching', '', '0243413040', '0243413040', 'Female', 'email@email.com', 'Married', 'NEW-USER', '30-39', 'uploads/members/0dd90284ab2198c27741388748b944d2cf8860bf_2084.png', 'Ghanaian', 'Ashanti', '2423461', '12/12', 'TI003', '2024-08-27 18:44:05', NULL, NULL, NULL, 'Active', 'NO', NULL, NULL, NULL, NULL),
('TMCS24084648', 'MIN2408659', NULL, 'ED002', 'CER001', 'Jennifer ', 'Nyarko ', 'Atwima Techiman ', 'Trader', '', '0243538021', '0243538021', 'Female', 'email@email.com', 'Married', 'NEW-USER', '40-49', 'uploads/members/d0ca7ab7dbc81d4a3421d9cbf075d5d3ed27a067_5595.png', 'Ghanaian', 'Ashanti', '2423461', '12/12', 'TI003', '2024-08-27 19:17:47', NULL, NULL, NULL, 'Active', 'NO', NULL, NULL, NULL, NULL),
('TMCS2408466', 'MIN2407929', NULL, 'ED003', 'CER004', 'Prince ', 'Duah', 'Nyankyerenease ', 'Event Planner', '', '0275714263', '0275714263', 'Male', 'email@email.com', 'Married', 'NEW-USER', '30-39', 'uploads/members/bcbec6f6eba3114d5f34f1582b96f1e5f1b4c57e_3081.png', 'Ghanaian', 'Ashanti', '2423461', '12/12', 'TI002', '2024-08-26 19:44:06', NULL, NULL, NULL, 'Active', 'NO', NULL, NULL, NULL, NULL),
('TMCS24084693', 'MIN2408517', NULL, 'ED002', 'CER001', 'Betty ', 'Obour', 'Atafoa', 'Beautician', '', '0249706601', '0249706601', 'Female', 'email@email.com', 'Married', 'NEW-USER', '30-39', 'uploads/members/45310a40d76a0973be855291c3c2c0abcf38690c_7483.png', 'Ghanaian', 'Ashanti', '2423461', '12/12', 'TI003', '2024-08-27 19:40:41', NULL, NULL, NULL, 'Active', 'NO', NULL, NULL, NULL, NULL),
('TMCS2408472', 'MIN2407200', NULL, 'ED004', 'CER005', 'Shadrack ', 'Frimpong', 'Ohwim Tigo-Junction', 'Network Administrator', '', '0543645382', '0543645382', 'Male', 'email@email.com', 'Single', 'NEW-USER', '20-29', 'uploads/members/e5ed97d2da5d08b3d4d70be97a7cad4a14701d27_1849.png', 'Ghanaian', 'Ashanti', '2423461', '12/12', 'TI002', '2024-08-26 10:35:09', NULL, NULL, NULL, 'Active', 'NO', NULL, NULL, NULL, NULL),
('TMCS24084773', 'MIN2408517', NULL, 'ED004', 'CER005', 'Stella ', 'Kwarteng Peprah ', 'Adoato', 'Student', '', '0559612721', '0559612721', 'Female', 'email@email.com', 'Single', 'NEW-USER', '20-29', 'uploads/members/503b517805b612db0a0076f22fcd7db239ecff69_3413.png', 'Ghanaian', 'Ashanti', '2423461', '12/12', 'TI001', '2024-08-27 21:08:40', NULL, NULL, NULL, 'Active', 'NO', NULL, NULL, NULL, NULL),
('TMCS2408483', 'MIN2407200', NULL, 'ED003', 'CER002', 'Fosu ', 'Jephter', 'Bohyen', 'Information Technology', '', '0597521509', '0597521509', 'Male', 'email@email.com', 'Single', 'NEW-USER', '13-19', 'uploads/members/ce1009d2574e3b3f97a56181e41e901d6d7a5f21_7637.png', 'Ghanaian', 'Ashanti', '2423461', '12/12', 'TI002', '2024-08-26 10:51:27', NULL, NULL, NULL, 'Active', 'NO', NULL, NULL, NULL, NULL),
('TMCS24084901', 'MIN2407869', NULL, 'ED004', 'CER005', 'Francis ', 'Nkansah ', 'Asuoyeboah-North', 'Teacher', '', '0542497887', '0542497887', 'Male', 'realcona@gmail.com', 'Single', 'NEW-USER', '30-39', 'uploads/members/a59d4a47cf24c11d36ddc6c4333ca83b3a04ad6a_5342.png', 'Ghanaian', 'Ashanti', '2423461', '19/07', 'TI002', '2024-08-27 18:31:10', NULL, NULL, NULL, 'Active', 'NO', NULL, NULL, NULL, NULL),
('TMCS2408494', 'MIN2408659', NULL, 'ED003', 'CER002', 'Richard ', 'Ohemeng ', 'Abrepo ', 'Business ', '', '0554734275', '0554734275', 'Male', 'realcona@gmail.com', 'Single', 'NEW-USER', '30-39', 'uploads/members/4402f425a60f61cd74cc2858e96e4742f7c24d04_9944.png', 'Ghanaian', 'Ashanti', '2423461', '12/12', 'TI002', '2024-08-26 10:30:11', NULL, NULL, NULL, 'Active', 'NO', NULL, NULL, NULL, NULL),
('TMCS24085008', 'MIN2407330', NULL, 'ED004', 'CER004', 'Josephine ', 'Nyarko', 'Asuofua New site', 'Teacher', '', '0242080667', '0242080667', 'Female', 'email@email.com', 'Married', 'NEW-USER', '30-39', 'uploads/members/e6830a803efc4abdf879ad29a4597952efad7c37_6911.png', 'Ghanaian', 'Ashanti', '2423461', '12/12', 'TI001', '2024-08-27 19:12:40', NULL, NULL, NULL, 'Active', 'NO', NULL, NULL, NULL, NULL),
('TMCS24085070', 'MIN2407332', NULL, 'ED004', 'CER005', 'Wilson ', 'Asiedu', 'Tanoso', 'Student', '', '0532964441', '0241276730', 'Male', 'email@email.com', 'Single', 'NEW-USER', '20-29', 'uploads/members/fee1615565eb0f2e47ee604750c3d26298bf7d12_8137.png', 'Ghanaian', 'Ashanti', '2423461', '12/12', 'TI002', '2024-08-28 06:14:22', NULL, NULL, NULL, 'Active', 'NO', NULL, NULL, NULL, NULL),
('TMCS24085207', 'MIN2407426', NULL, 'ED003', 'CER002', 'Agyesuri  ', 'Kofi Patrick ', 'Adoato', 'Mechanic ', '', '0242683818', '0242683818', 'Male', 'email@email.com', 'Single', 'NEW-USER', '30-39', 'uploads/members/aeaab7f0627c194567bcc03ba5984ddf13b35e84_3058.png', 'Ghanaian', 'Ashanti', '2423461', '12/12', 'TI002', '2024-08-27 18:50:55', NULL, NULL, NULL, 'Active', 'NO', NULL, NULL, NULL, NULL),
('TMCS24085278', 'MIN2408356', NULL, 'ED004', 'CER005', 'Yaw ', 'Adjei Yeboah ', 'Tanoso', 'Student', '', '0509988170', '0509988170', 'Male', 'email@email.com', 'Single', 'NEW-USER', '13-19', 'uploads/members/2860c06340a58ba956802b920db3439929a84859_1648.png', 'Ghanaian', 'Ashanti', '2312906', '12/12', 'TI002', '2024-08-28 05:44:30', NULL, NULL, NULL, 'Active', 'NO', NULL, NULL, NULL, NULL),
('TMCS2408536', 'MIN2407200', NULL, 'ED004', 'CER004', 'Constance', 'Duah', 'Afrancho hemang', 'Entrepreneur', '', '0209374103', '0209374103', 'Female', 'realcona@gmail.com', 'Single', 'NEW-USER', '20-29', 'uploads/members/a651668653f0149c7e541a5c1bec3524b9f43588_9349.png', 'Ghanaian', 'Ashanti', '2423461', '12/12', 'TI001', '2024-08-26 10:24:46', NULL, NULL, NULL, 'Active', 'NO', NULL, NULL, NULL, NULL),
('TMCS24085397', 'MIN2407818', NULL, 'ED004', 'CER004', 'Stephanie ', 'Owusu Boatemaa ', 'Afrancho', 'Unemployed', '', '0554849260', '0554849260', 'Female', 'email@email.com', 'Single', 'NEW-USER', '20-29', 'uploads/members/e861375dec8bec7e09d47c03aa45468fff406581_9093.png', 'Ghanaian', 'Ashanti', '2423461', '12/12', 'TI001', '2024-08-28 06:11:57', NULL, NULL, NULL, 'Active', 'NO', NULL, NULL, NULL, NULL),
('TMCS24085425', 'MIN2407426', NULL, 'ED004', 'CER004', 'Samuel ', 'Okyere Darko', 'Abrepo', 'Banker', '', '0247180539', '0247180539', 'Male', 'email@email.com', 'Single', 'NEW-USER', '30-39', 'uploads/members/ea9967c06e4c704daf62e2c6bd543f6c6447af1c_9973.png', 'Ghanaian', 'Ashanti', '2423461', '12/12', 'TI002', '2024-08-27 18:45:25', NULL, NULL, NULL, 'Active', 'NO', NULL, NULL, NULL, NULL),
('TMCS24085603', 'MIN2407426', NULL, 'ED003', 'CER002', 'Francis ', 'Appiah ', 'Tanoso', 'Teacher', '', '0543026960', '0209689968', 'Male', 'email@email.com', 'Single', 'NEW-USER', '20-29', 'uploads/members/f51ec34d4607cb0f6750924287a8f6dfccd5a9cc_1009.png', 'Ghanaian', 'Ashanti', '2312906', '12/12', 'TI002', '2024-08-28 05:31:53', NULL, NULL, NULL, 'Active', 'NO', NULL, NULL, NULL, NULL),
('TMCS24085622', 'MIN2407869', NULL, 'ED003', 'CER002', 'Mary ', 'Nyame', 'Amanfrom', 'Seamstress', '', '0535526041', '0535526041', 'Female', 'email@email.com', 'Single', 'NEW-USER', '13-19', 'uploads/members/c43fb8153ec6d3aaee8e5cc7af9a8633472f9f62_5731.png', 'Ghanaian', 'Ashanti', '2423461', '12/12', 'TI001', '2024-08-27 18:38:28', NULL, NULL, NULL, 'Active', 'NO', NULL, NULL, NULL, NULL),
('TMCS24085658', 'MIN2408517', NULL, 'ED004', 'CER004', 'Sophia ', 'Adjani', 'Santasi Oteng Nkwanta ', 'Business woman ', '', '0538134022', '0538134022', 'Female', 'email@email.com', 'Single', 'NEW-USER', '20-29', 'uploads/members/2d24f8100ae1c0e074f68fe6f90994f8f4ca0be3_2585.png', 'Ghanaian', 'Ashanti', '2423461', '12/12', 'TI001', '2024-08-27 19:32:52', NULL, NULL, NULL, 'Active', 'NO', NULL, NULL, NULL, NULL),
('TMCS24085693', 'MIN2407869', NULL, 'ED003', 'CER002', 'Gordon ', 'Awuah', 'Abrepo', 'Trader', '', '0544487261', '0544487261', 'Male', 'email@email.com', 'Single', 'NEW-USER', '30-39', 'uploads/members/656202ceffd67f859364be4218b1393b931c026b_1986.png', 'Ghanaian', 'Ashanti', '2423461', '12/12', 'TI002', '2024-08-27 18:47:55', NULL, NULL, NULL, 'Active', 'NO', NULL, NULL, NULL, NULL),
('TMCS24086053', 'MIN2407330', NULL, 'ED004', 'CER005', 'Eric ', 'Owusu Yeboah', 'Medoma', 'Financial Consultant (Prudential Life Insurance Gh', '', '0257507118', '0257507118', 'Male', 'email@email.com', 'Single', 'NEW-USER', '30-39', 'uploads/members/d2134a42f94e9430b9502c45d95de25182cb235d_7675.png', 'Ghanaian', 'Ashanti', '2423461', '12/12', 'TI002', '2024-08-27 21:11:31', NULL, NULL, NULL, 'Active', 'NO', NULL, NULL, NULL, NULL),
('TMCS2408607', 'MIN2407426', NULL, 'ED004', 'CER005', 'Michael', 'Ayigsi ', 'Atonsu ', 'Banker', '', '0246508758', '0246508758', 'Male', 'email@email.com', 'Single', 'NEW-USER', '30-39', 'uploads/members/7770bd3a871f14c5ea49ae40087a7768752c4217_1135.png', 'Ghanaian', 'Ashanti', '2423461', '12/12', 'TI002', '2024-08-26 10:45:03', NULL, NULL, NULL, 'Active', 'NO', NULL, NULL, NULL, NULL),
('TMCS2408619', 'MIN2407869', NULL, 'ED004', 'CER004', 'Rachel  ', 'Ayebea Amoh', 'Nyankyerenease', 'Teaching', '', '0542567759', '0542567759', 'Female', 'realcona@gmail.com', 'Married', 'NEW-USER', '30-39', 'uploads/members/e3b0dcaffad810631165a1e80441027e569a7061_9106.png', 'Ghanaian', 'Ashanti', '2423461', '12/12', 'TI003', '2024-08-26 10:32:08', NULL, NULL, NULL, 'Active', 'NO', NULL, NULL, NULL, NULL),
('TMCS2408625', 'MIN2407426', NULL, 'ED003', 'CER002', 'Johnson ', 'Atiah ', 'Old suame', 'Mechanics engineering ', '', '0542777790', '0545987192', 'Male', 'email@email.com', 'Single', 'NEW-USER', '20-29', 'uploads/members/b162dbce73a217307b6aba60ccd153a6e4b8b6cf_8880.png', 'Ghanaian', 'Ashanti', '2423461', '12/12', 'TI002', '2024-08-27 17:31:39', NULL, NULL, NULL, 'Active', 'NO', NULL, NULL, NULL, NULL),
('TMCS24086418', 'MIN2407869', NULL, 'ED004', 'CER004', 'Nana ', 'Adwoa ', 'Bantama', 'Nurse', '', '0241236600', '0241236600', 'Female', 'email@email.com', 'Married', 'NEW-USER', '30-39', 'uploads/members/42428fc56a644134502144dbf1bd827560f370eb_3923.png', 'Ghanaian', 'Ashanti', '2423461', '12/12', 'TI003', '2024-08-27 19:56:31', NULL, NULL, NULL, 'Active', 'NO', NULL, NULL, NULL, NULL),
('TMCS24086704', 'MIN2408356', NULL, 'ED004', 'CER004', 'Sandra ', 'Asiamah', 'Tanoso', 'Student', '', '0557647762', '0557647762', 'Female', 'email@email.com', 'Single', 'NEW-USER', '20-29', 'uploads/members/9da10c780739746aeb945d61fd1d7682d649713c_8757.png', 'Ghanaian', 'Ashanti', '2423461', '12/12', 'TI001', '2024-08-28 06:09:58', NULL, NULL, NULL, 'Active', 'NO', NULL, NULL, NULL, NULL),
('TMCS2408682', 'MIN2407426', NULL, 'ED004', 'CER005', 'Cynthia ', 'Agongo ', 'Tanoso', 'Trader', '', '0540571734', '0540571734', 'Female', 'email@email.com', 'Married', 'NEW-USER', '30-39', 'uploads/members/8aaf1e766481591375675ecd662a04d0a09f895c_1309.png', 'Ghanaian', 'Ashanti', '2423461', '12/12', 'TI003', '2024-08-26 19:32:29', NULL, NULL, NULL, 'Active', 'NO', NULL, NULL, NULL, NULL),
('TMCS24086897', 'MIN2407200', NULL, 'ED004', 'CER005', 'Joseph ', 'Brege Tiniu ', 'Asuoyeboah', 'Student', '', '0593726597', '0593726597', 'Male', 'email@email.com', 'Single', 'NEW-USER', '20-29', 'uploads/members/ed22b0f4d0ad18189eb4e4e657e0a34da9777309_1817.png', 'Ghanaian', 'Ashanti', '2423461', '12/12', 'TI002', '2024-08-27 21:35:00', NULL, NULL, NULL, 'Active', 'NO', NULL, NULL, NULL, NULL),
('TMCS2408709', 'MIN2407200', NULL, 'ED004', 'CER005', 'Sylvester Kofi', 'Boakye ', 'Abrepo Junction ', 'Student', '', '0544694148', '0544694148', 'Male', 'email@email.com', 'Single', 'NEW-USER', '20-29', 'uploads/members/06dd179a570a8fc9d0f6333c7e8f2fcefd886258_4177.png', 'Ghanaian', 'Ashanti', '2423461', '12/12', 'TI002', '2024-08-26 19:34:12', NULL, NULL, NULL, 'Active', 'NO', NULL, NULL, NULL, NULL),
('TMCS2408740', 'MIN2407818', NULL, 'ED004', 'CER004', 'Adwoa ', 'Anokyewaa', 'Anomangye', 'Trader', '', '0248467321', '0248467321', 'Female', 'email@email.com', 'Married', 'NEW-USER', '40-49', 'uploads/members/c86fa97c539b1cdf9d8b22d9afd1a975f400adf9_1453.png', 'Ghanaian', 'Ashanti', '2423461', '12/12', 'TI003', '2024-08-26 10:53:08', NULL, NULL, NULL, 'Active', 'NO', NULL, NULL, NULL, NULL),
('TMCS2408757', 'MIN2407929', NULL, 'ED002', 'CER001', 'Joyce ', 'Owusuaa ', 'Afrancho - Hemang', 'Trader', '', '0244719184', '0244719184', 'Female', 'email@email.com', 'Married', 'NEW-USER', '40-49', 'uploads/members/854ff6a046636a893ceb137c9be0b7dd0356d3e4_5639.png', 'Ghanaian', 'Ashanti', '2423461', '12/12', 'TI003', '2024-08-26 19:38:14', NULL, NULL, NULL, 'Active', 'NO', NULL, NULL, NULL, NULL),
('TMCS24087619', 'MIN2407332', NULL, 'ED004', 'CER005', 'Gordon', 'Duah', 'Afrancho ', 'Supply Chain Manager / Procurement Officer ', '', '0535093337', '0535093337', 'Male', 'email@email.com', 'Single', 'NEW-USER', '20-29', 'uploads/members/ad58543a30f760140ab4464f2c9b8f735eee159e_9540.png', 'Ghanaian', 'Ashanti', '2423461', '12/12', 'TI002', '2024-08-27 19:25:02', NULL, NULL, NULL, 'Active', 'NO', NULL, NULL, NULL, NULL),
('TMCS24087644', 'MIN2407869', NULL, 'ED004', 'CER005', 'Godfred ', 'Amoako', 'Bohyen', 'Unemployed', '', '0204785632', '0204785632', 'Male', 'email@email.com', 'Single', 'NEW-USER', '30-39', 'uploads/members/3f64b826413a02e176a8c04580bdcd692f32b5ee_3712.png', 'Ghanaian', 'Ashanti', '2423461', '12/12', 'TI002', '2024-08-27 21:29:29', NULL, NULL, NULL, 'Active', 'NO', NULL, NULL, NULL, NULL),
('TMCS24087688', 'MIN2407330', NULL, 'ED004', 'CER005', 'Samuel ', 'Yankey ', 'Tanoso', 'Teacher', '', '0599869594', '0599869594', 'Male', 'email@email.com', 'Single', 'NEW-USER', '30-39', 'uploads/members/965aecf9f1cdb933159a73b37482afe0d871e738_8171.png', 'Ghanaian', 'Ashanti', '2312906', '12/12', 'TI002', '2024-08-28 05:50:59', NULL, NULL, NULL, 'Active', 'NO', NULL, NULL, NULL, NULL),
('TMCS240876881', 'MIN2408909', NULL, 'ED004', 'CER004', 'Richmond ', 'Dwomoh Bempah', 'Suame kropo ', 'Trader', '', '0244737847', '0244737847', 'Male', 'email@email.com', 'Married', 'NEW-USER', '40-49', 'uploads/members/a93b2ed8b799a0fd62ba2b9b2afccf581f51828c_1164.png', 'Ghanaian', 'Ashanti', '2312906', '12/12', 'TI002', '2024-08-28 05:11:31', NULL, NULL, NULL, 'Active', 'NO', NULL, NULL, NULL, NULL),
('TMCS24087723', 'MIN2408356', NULL, 'ED002', 'CER001', 'Lydia', 'Osey', 'Kwadaso Estate', 'Unemployed', '', '0531800050', '0531800050', 'Female', 'email@email.com', 'Single', 'NEW-USER', '20-29', 'uploads/members/21a888f0168f9d8be1562c652c4eced6eac9ea07_1154.png', 'Ghanaian', 'Ashanti', '2312906', '12/12', 'TI001', '2024-08-28 05:17:25', NULL, NULL, NULL, 'Active', 'NO', NULL, NULL, NULL, NULL),
('TMCS24087893', 'MIN2407869', NULL, 'ED004', 'CER004', 'Maame ', 'Arko Ababio', 'Abrepo Junction', 'Nurse', '', '0240282852', '0240282852', 'Female', 'email@email.com', 'Single', 'NEW-USER', '20-29', 'uploads/members/f993c0875f61d021d3f43f193db1db8fa1628d4c_2222.png', 'Ghanaian', 'Ashanti', '2423461', '12/12', 'TI003', '2024-08-27 18:54:55', NULL, NULL, NULL, 'Active', 'NO', NULL, NULL, NULL, NULL),
('TMCS24088000', 'MIN2407426', NULL, 'ED003', 'CER002', 'Prince ', 'Asante', 'Asuofua New site', 'Businessman', '', '0244979982', '0244979982', 'Male', 'email@email.com', 'Married', 'NEW-USER', '40-49', 'uploads/members/21d46ac34a02f05db5615349b7c8acba07813ea6_1386.png', 'Ghanaian', 'Ashanti', '2423461', '12/12', 'TI002', '2024-08-27 19:16:28', NULL, NULL, NULL, 'Active', 'NO', NULL, NULL, NULL, NULL),
('TMCS24088112', 'MIN2407330', NULL, 'ED004', 'CER005', 'Kofi ', 'Kusi ', 'Abrepo', 'Medical Laboratory Technician ', '', '0502364448', '0502364448', 'Male', 'email@email.com', 'Single', 'NEW-USER', '30-39', 'uploads/members/5bbff8b0fec9513b26e9aeefde0aee4b8b766b9e_7607.png', 'Ghanaian', 'Ashanti', '2312906', '12/12', 'TI002', '2024-08-28 05:18:46', NULL, NULL, NULL, 'Active', 'NO', NULL, NULL, NULL, NULL),
('TMCS24088215', 'MIN2407332', NULL, 'ED004', 'CER005', 'Benjamin ', 'Donkor', 'Asuofua', 'Pharmacy Technician', '', '0270852704', '0270852704', 'Male', 'email@email.com', 'Single', 'NEW-USER', '20-29', 'uploads/members/ac0caa35303ab2e051c87a9bc948d9f49f351eb8_2337.png', 'Ghanaian', 'Ashanti', '2423461', '12/12', 'TI001', '2024-08-27 21:15:30', NULL, NULL, NULL, 'Active', 'NO', NULL, NULL, NULL, NULL),
('TMCS24088233', 'MIN2408356', NULL, 'ED004', 'CER004', 'Joseline', 'O', 'Kokoso', 'Student', '', '0596175495', '0596175495', 'Female', 'email@email.com', 'Single', 'NEW-USER', '20-29', 'uploads/members/26ee395172c22732415f1a2fa3c74f85800ab304_2565.png', 'Ghanaian', 'Ashanti', '2423461', '12/12', 'TI001', '2024-08-27 21:31:44', NULL, NULL, NULL, 'Active', 'NO', NULL, NULL, NULL, NULL),
('TMCS2408833', 'MIN2407929', NULL, 'ED004', 'CER004', 'Isaac ', 'Osei Tutu', 'Kropo', 'Retired', '', '0243553646', '0243553646', 'Male', 'email@email.com', 'Married', 'NEW-USER', '50-59', 'uploads/members/02a321658d003e0a8f03ec2acfeb7ec4502c3d2d_9123.png', 'Ghanaian', 'Ashanti', '2423461', '12/12', 'TI002', '2024-08-26 19:47:42', NULL, NULL, NULL, 'Active', 'NO', NULL, NULL, NULL, NULL),
('TMCS2408840', 'MIN2407929', NULL, 'ED004', 'CER004', 'Isaac ', 'Adu Gyamfi', 'Amanfrom', 'Businessman', '', '0244808286', '0244808286', 'Male', 'email@email.com', 'Married', 'NEW-USER', '50-59', 'uploads/members/9582c46c4d711f0f9ca99ef47e5a0dcf76bdfd99_4840.png', 'Ghanaian', 'Ashanti', '2423461', '12/12', 'TI002', '2024-08-26 19:40:22', NULL, NULL, NULL, 'Active', 'NO', NULL, NULL, NULL, NULL),
('TMCS24088474', 'MIN2407869', NULL, 'ED004', 'CER003', 'Bernice ', 'Frimpong ', 'Bohyen', 'Nurse', '', '0553299506', '0553299506', 'Female', 'email@email.com', 'Single', 'NEW-USER', '20-29', 'uploads/members/7f3b55db6b78332c420a7af27d4d20e99d3bf3f6_1294.png', 'Ghanaian', 'Ashanti', '2423461', '12/12', 'TI001', '2024-08-27 18:55:57', NULL, NULL, NULL, 'Active', 'NO', NULL, NULL, NULL, NULL),
('TMCS2408867', 'MIN2408517', NULL, 'ED004', 'CER005', 'Ebenezer Fiifi', 'Sampson', 'Ohwim', 'Banker', '', '0246534162', '0246534162', 'Male', 'email@email.com', 'Single', 'NEW-USER', '30-39', 'uploads/members/d3d2b21edaa28ec355becb3bb0eef39c326bead4_2486.png', 'Ghanaian', 'Ashanti', '2423461', '12/12', 'TI002', '2024-08-26 10:49:29', NULL, NULL, NULL, 'Active', 'NO', NULL, NULL, NULL, NULL),
('TMCS24088755', 'MIN2407929', NULL, 'ED003', 'CER002', 'Bertha ', 'Ziah', 'Suame', 'Caterer', '', '024527233', '024527233', 'Female', 'email@email.com', 'Single', 'NEW-USER', '40-49', 'uploads/members/6fd4aa3461f9732dcd35084f3c5667b4147a1ade_2122.png', 'Ghanaian', 'Ashanti', '2423461', '12/12', 'TI001', '2024-08-27 21:37:15', NULL, NULL, NULL, 'Active', 'NO', NULL, NULL, NULL, NULL),
('TMCS2408883', 'MIN2407426', NULL, 'ED004', 'CER003', 'Samuel ', 'Nyamekye', 'Kropo', 'Unemployed', '', '0532048955', '0532048955', 'Male', 'email@email.com', 'Single', 'NEW-USER', '20-29', 'uploads/members/d47fc709c3b62971bd9f107fd693bf20c7c1f895_1347.png', 'Ghanaian', 'Ashanti', '2423461', '12/12', 'TI002', '2024-08-27 17:27:18', NULL, NULL, NULL, 'Active', 'NO', NULL, NULL, NULL, NULL),
('TMCS2408892', 'MIN2407929', NULL, 'ED002', 'CER001', 'Eric ', 'Adomako', 'Kodie - Mowire', 'Trader', '', '0265176538', '0265176538', 'Male', 'email@email.com', 'Single', 'NEW-USER', '40-49', 'uploads/members/0d9d50e29a3c50c4006a16860f037e89e4f41a9d_2365.png', 'Ghanaian', 'Ashanti', '2423461', '12/12', 'TI002', '2024-08-27 17:28:58', NULL, NULL, NULL, 'Active', 'NO', NULL, NULL, NULL, NULL),
('TMCS24088963', 'MIN2407929', NULL, 'ED004', 'CER004', 'Ruth ', 'Appiah Mensah ', 'Atimatim', 'Teacher', '', '0249657399', '0249657399', 'Female', 'email@email.com', 'Married', 'NEW-USER', '30-39', 'uploads/members/18abc89e70e65dc7e09f8f5566cb7210601962a9_9120.png', 'Ghanaian', 'Ashanti', '2423461', '12/12', 'TI003', '2024-08-27 19:39:13', NULL, NULL, NULL, 'Active', 'NO', NULL, NULL, NULL, NULL),
('TMCS2408911', 'MIN2407200', NULL, 'ED003', 'CER002', 'Lawrence ', 'Addae Yanchira', 'Atafoa', 'Auto mechanic', '', '0598401445', '0274430565', 'Male', 'email@email.com', 'Married', 'NEW-USER', '30-39', 'uploads/members/75399bd5daf9f51953340cb91b8691b91d3ef34e_3558.png', 'Ghanaian', 'Ashanti', '2423461', '12/12', 'TI002', '2024-08-27 17:30:20', '2024-08-28 06:44:04', '2423461', NULL, 'Active', 'NO', NULL, NULL, NULL, NULL),
('TMCS2408924', 'MIN2407200', NULL, 'ED004', 'CER005', 'Paul ', 'Owusu Gyimah', 'Tanoso', 'Teacher ', '', '0546251871', '0546251871', 'Male', 'realcona@gmail.com', 'Single', 'NEW-USER', '30-39', 'uploads/members/2fae6fb27a463858bc3b6d6b5e6f1bc9b50410ed_2814.png', 'Ghanaian', 'Ashanti', '2423461', '12/12', 'TI002', '2024-08-26 10:28:13', NULL, NULL, NULL, 'Active', 'NO', NULL, NULL, NULL, NULL),
('TMCS24089361', 'MIN2407200', NULL, 'ED003', 'CER002', 'Lucky', 'Aboagye Adasodey', 'Asuofua', 'Unemployed', '', '0596005519', '0596005519', 'Male', 'email@email.com', 'Single', 'NEW-USER', '20-29', 'uploads/members/a3b6362242f7917c99437c0858c17fb0af699fda_5535.png', 'Ghanaian', 'Ashanti', '2423461', '12/12', 'TI002', '2024-08-27 18:58:52', '2024-08-28 06:44:20', '2423461', NULL, 'Active', 'NO', NULL, NULL, NULL, NULL),
('TMCS2408940', 'MIN2407929', NULL, 'ED002', 'CER001', 'Kwaku ', 'Adu', 'Sokoban', 'Driver', '', '0245144205', '0245144205', 'Male', 'email@email.com', 'Married', 'NEW-USER', '40-49', 'uploads/members/0641f8d2adc465de81f6b03b07abc489101dc586_9641.png', 'Ghanaian', 'Ashanti', '2423461', '12/12', 'TI002', '2024-08-27 18:06:06', NULL, NULL, NULL, 'Active', 'NO', NULL, NULL, NULL, NULL),
('TMCS24089445', 'MIN2407426', NULL, 'ED002', 'CER001', 'Akwasi ', 'Acheampong', 'Asuofua-Achiase', 'Herbalist', '', '0247471700', '0247471700', 'Male', 'email@email.com', 'Single', 'NEW-USER', '30-39', 'uploads/members/cc710e377babf123060c7d6f7484cf40d70f0dfa_6624.png', 'Ghanaian', 'Ashanti', '2312906', '12/12', 'TI002', '2024-08-28 05:40:49', NULL, NULL, NULL, 'Active', 'NO', NULL, NULL, NULL, NULL);
INSERT INTO `members` (`MemberId`, `MinistryId`, `BacentaId`, `EducationId`, `CertificateId`, `Firstname`, `Lastname`, `Address`, `Occupation`, `JobDescription`, `Telephone1`, `Telephone2`, `Gender`, `Email`, `MaritalStatus`, `Mode`, `AgeRange`, `Image`, `Country`, `Region`, `AddedId`, `DOB`, `TitleId`, `AddedDate`, `UpdatedDate`, `UpdatedId`, `UpdatedNotes`, `Status`, `Archived`, `ArchiveId`, `UserId`, `ArchiveDate`, `ArchiveTime`) VALUES
('TMCS24089461', 'MIN2407869', NULL, 'ED003', 'CER002', 'Gifty ', 'Ankamah', 'Abrepo', 'Student', '', '0550489948', '0550489948', 'Female', 'email@email.com', 'Single', 'NEW-USER', '20-29', 'uploads/members/0ed5318b1dda8151bafcbd8c54702e9dc9848475_2748.png', 'Ghanaian', 'Ashanti', '2423461', '12/12', 'TI001', '2024-08-27 21:33:50', NULL, NULL, NULL, 'Active', 'NO', NULL, NULL, NULL, NULL),
('TMCS24089492', 'MIN2408517', NULL, 'ED004', 'CER004', 'Emmanuel ', 'Kwadwo Fosu', 'Kumasi(Asokore Mampong)', 'Accounts Officer ', '', '0550359206', '0550359206', 'Male', 'email@email.com', 'Married', 'NEW-USER', '30-39', 'uploads/members/1015d699de432ab02158dd6731d621b39bac7aac_1057.png', 'Ghanaian', 'Ashanti', '2423461', '12/12', 'TI002', '2024-08-27 19:58:19', NULL, NULL, NULL, 'Active', 'NO', NULL, NULL, NULL, NULL),
('TMCS24089612', 'MIN2407426', NULL, 'ED002', 'CER001', 'Francis ', 'Kwesi Mensah', 'Atafoa Tikese', 'Mobile money operator ', '', '0548176351', '0548176351', 'Male', 'email@email.com', 'Married', 'NEW-USER', '30-39', 'uploads/members/6c1b9f8d4edcf971f5bd158078317551a99c2724_2118.png', 'Ghanaian', 'Ashanti', '2423461', '12/12', 'TI002', '2024-08-27 21:03:26', NULL, NULL, NULL, 'Active', 'NO', NULL, NULL, NULL, NULL),
('TMCS24089692', 'MIN2407929', NULL, 'ED004', 'CER005', 'Akwasi', 'Okai', 'Pakyi No 1', 'Businessman', '', '0266769222', '0266769222', 'Male', 'email@email.com', 'Married', 'NEW-USER', '40-49', 'uploads/members/39f0daf9af1fec90089d2d4961316686a4c65bf5_9616.png', 'Ghanaian', 'Ashanti', '2423461', '12/12', 'TI003', '2024-08-27 21:05:30', NULL, NULL, NULL, 'Active', 'NO', NULL, NULL, NULL, NULL),
('TMCS24089702', 'MIN2408517', NULL, 'ED004', 'CER005', 'Esther Naa ', 'Darkua France ', 'Atasamanso', 'Midwife and Event Planning ', '', '0549999539', '0549999539', 'Female', 'email@email.com', 'Married', 'NEW-USER', '30-39', 'uploads/members/90795bae6b05aa2f8fb90b18b68a5fa326533d3a_7684.png', 'Ghanaian', 'Ashanti', '2423461', '12/12', 'TI003', '2024-08-27 19:11:25', NULL, NULL, NULL, 'Active', 'NO', NULL, NULL, NULL, NULL),
('TMCS24089723', 'MIN2407200', NULL, 'ED003', 'CER002', 'Prince', ' Ansah', 'Bohyen', 'Unemployed', '', '0541457200', '0541457200', 'Male', 'email@email.com', 'Single', 'NEW-USER', '20-29', 'uploads/members/19e9e079a54e2d51cb051952e4203af82cc4e5ec_9455.png', 'Ghanaian', 'Ashanti', '2423461', '12/12', 'TI002', '2024-08-27 21:01:56', NULL, NULL, NULL, 'Active', 'NO', NULL, NULL, NULL, NULL),
('TMCS24089749', 'No Ministry', NULL, 'ED003', 'CER002', 'Vivain ', 'Nsiah', 'Amanfrom', 'Beautician', '', '0558101934', '0558101934', 'Female', 'email@email.com', 'Single', 'NEW-USER', '30-39', 'uploads/members/b38e3609cf264c0aaca1664a9fd6d31bc28b514c_9489.png', 'Ghanaian', 'Ashanti', '2423461', '12/12', 'TI001', '2024-08-27 21:36:11', NULL, NULL, NULL, 'Active', 'NO', NULL, NULL, NULL, NULL),
('TMCS24089893', 'MIN2407332', NULL, 'ED004', 'CER005', 'Williams', 'Aikins ', 'Abrepo(Akokc specs)', 'Teacher', '', '0240600477', '0240600477', 'Male', 'email@email.com', 'Married', 'NEW-USER', '30-39', 'uploads/members/270e06f6ecd4a31d149618f691abc2e4d8e11cbf_8734.png', 'Ghanaian', 'Ashanti', '2423461', '12/12', 'TI002', '2024-08-27 19:27:16', NULL, NULL, NULL, 'Active', 'NO', NULL, NULL, NULL, NULL);

CREATE TABLE IF NOT EXISTS `services`(
`ServiceId` varchar (20),
`ServiceType` varchar(50),
-- `Category` varchar(250),
`Duration` varchar(50),
`AddedDate` datetime DEFAULT current_timestamp(),
`UpdatedDate` datetime,
`UpdatedId` varchar(60),
`AddedId` varchar(60),
`UpdatedNotes` text,
`Status` varchar(10) DEFAULT 'ACTIVE',
`Archived` varchar(10) DEFAULT 'NO',
`ArchiveId` varchar(10),
`ArchiveDate` datetime,
`UserId` datetime,
`ArchiveTime` datetime,
PRIMARY KEY(`ServiceId`)
)ENGINE=INNODB;

CREATE TABLE IF NOT EXISTS `newconverts`(
`ConvertId` varchar (20),
`ShepherdId` varchar (20),
-- `MemberType` varchar (20),
`BacentaId` varchar (20),
`EducationId` varchar (20),
`CertificateId` varchar (20),
`Firstname` varchar(50),
`Lastname` varchar(50),
`Fullname` varchar(200) GENERATED ALWAYS AS (CONCAT(Firstname,' ',Lastname)),
`Address` varchar (50),
`Occupation` varchar (50),
`Telephone1` varchar(20),
`Telephone2` varchar(20),
`Gender` varchar(20),
`Email` varchar(50),
`MaritalStatus` varchar(50),
-- `EduBackground` varchar(50),
`Mode` varchar(50) DEFAULT 'NEW-USER' COMMENT 'new user notifications',
`AgeRange` varchar(150),
`Image` varchar(250),
`Country` varchar(20),
-- `Religion` varchar(20),
`Region` varchar(20),
`AddedId` varchar(20),
`DOB` date,
`TitleId` varchar(20),
`AddedDate` datetime DEFAULT current_timestamp(),
`UpdatedDate` datetime,
`UpdatedId` varchar(60),
`UpdatedNotes` text,
`Status` varchar(10) DEFAULT 'ACTIVE',
`Archived` varchar(10) DEFAULT 'NO',
`ArchiveId` varchar(10),
`UserId` varchar(10),
`ArchiveDate` datetime,
`ArchiveTime` datetime,
PRIMARY KEY(`ConvertId`)
)ENGINE=INNODB;
